Date,Price
01/01/2013,39.12
02/01/2013,47.72
03/01/2013,45.53
04/01/2013,47.74
05/01/2013,45.37
06/01/2013,44.37
07/01/2013,46.66
08/01/2013,47.37
09/01/2013,49.28
10/01/2013,53.37
11/01/2013,50.09
12/01/2013,49.72
13/01/2013,45.81
14/01/2013,52.68
15/01/2013,52.58
16/01/2013,53.94
17/01/2013,53.93
18/01/2013,52.96
19/01/2013,50.03
20/01/2013,46.8
21/01/2013,54.17
22/01/2013,52.35
23/01/2013,53.27
24/01/2013,56.89
25/01/2013,49.14
26/01/2013,48.11
27/01/2013,43.68
28/01/2013,43.16
29/01/2013,43.08
30/01/2013,42.95
31/01/2013,46.39
01/02/2013,48.67
02/02/2013,49.52
03/02/2013,42.44
04/02/2013,46.01
05/02/2013,48.83
06/02/2013,47.33
07/02/2013,53.32
08/02/2013,51.99
09/02/2013,51.69
10/02/2013,49.11
11/02/2013,47.65
12/02/2013,50.57
13/02/2013,49.59
14/02/2013,49.83
15/02/2013,48.78
16/02/2013,49.03
17/02/2013,51.91
18/02/2013,51.26
19/02/2013,52.4
20/02/2013,50.84
21/02/2013,51.05
22/02/2013,51.52
23/02/2013,55.29
24/02/2013,52.78
25/02/2013,60.23
26/02/2013,59.1
27/02/2013,57.74
28/02/2013,53.47
01/03/2013,52.48
02/03/2013,51.26
03/03/2013,52.57
04/03/2013,63.07
05/03/2013,63.82
06/03/2013,52.96
07/03/2013,53.6
08/03/2013,49.17
09/03/2013,49.29
10/03/2013,48.7
11/03/2013,52.96
12/03/2013,58.54
13/03/2013,67.33
14/03/2013,69.67
15/03/2013,56.54
16/03/2013,53.2
17/03/2013,58.9
18/03/2013,61.42
19/03/2013,60.12
20/03/2013,60.23
21/03/2013,67.26
22/03/2013,66.36
23/03/2013,66.63
24/03/2013,52.1
25/03/2013,69.56
26/03/2013,70.39
27/03/2013,76.56
28/03/2013,73.4
29/03/2013,65.73
30/03/2013,62.75
31/03/2013,60.89
01/04/2013,57.82
02/04/2013,64.27
03/04/2013,56.3
04/04/2013,56.42
05/04/2013,59.21
06/04/2013,61.56
07/04/2013,59.72
08/04/2013,61.39
09/04/2013,56.18
10/04/2013,57.41
11/04/2013,55.18
12/04/2013,52.6
13/04/2013,53.65
14/04/2013,50.89
15/04/2013,49.45
16/04/2013,44.36
17/04/2013,49.08
18/04/2013,45.33
19/04/2013,48.23
20/04/2013,48.13
21/04/2013,45.33
22/04/2013,48.22
23/04/2013,46.16
24/04/2013,46.01
25/04/2013,49.12
26/04/2013,48.12
27/04/2013,46.95
28/04/2013,44.79
29/04/2013,47.45
30/04/2013,49.54
01/05/2013,48.27
02/05/2013,48.97
03/05/2013,46.23
04/05/2013,45.8
05/05/2013,45.36
06/05/2013,46.11
07/05/2013,47.86
08/05/2013,45.65
09/05/2013,45.01
10/05/2013,45.74
11/05/2013,45.42
12/05/2013,42.54
13/05/2013,44.59
14/05/2013,45.67
15/05/2013,47.51
16/05/2013,49.96
17/05/2013,53
18/05/2013,51.93
19/05/2013,53.67
20/05/2013,50.81
21/05/2013,49.87
22/05/2013,49.55
23/05/2013,51.09
24/05/2013,51.36
25/05/2013,52.52
26/05/2013,48.32
27/05/2013,44.13
28/05/2013,47.84
29/05/2013,49.35
30/05/2013,51.07
31/05/2013,50.94
01/06/2013,54.87
02/06/2013,53.06
03/06/2013,53.71
04/06/2013,50.63
05/06/2013,50.47
06/06/2013,49.8
07/06/2013,48.34
08/06/2013,46.45
09/06/2013,46.19
10/06/2013,49.15
11/06/2013,46.73
12/06/2013,45.81
13/06/2013,45.29
14/06/2013,48.04
15/06/2013,47.06
16/06/2013,47.66
17/06/2013,48.69
18/06/2013,49.48
19/06/2013,48.55
20/06/2013,47.99
21/06/2013,46.6
22/06/2013,42.66
23/06/2013,34.95
24/06/2013,38.44
25/06/2013,42.8
26/06/2013,47.68
27/06/2013,48.34
28/06/2013,49.24
29/06/2013,47.49
30/06/2013,44.85
01/07/2013,47.09
02/07/2013,46.92
03/07/2013,46.68
04/07/2013,46.64
05/07/2013,47.26
06/07/2013,45.73
07/07/2013,45.65
08/07/2013,48.49
09/07/2013,48.5
10/07/2013,51.38
11/07/2013,50.25
12/07/2013,49.58
13/07/2013,48.79
14/07/2013,47.99
15/07/2013,48.11
16/07/2013,48.31
17/07/2013,49.33
18/07/2013,50.19
19/07/2013,49.94
20/07/2013,49
21/07/2013,47.48
22/07/2013,48.32
23/07/2013,50
24/07/2013,50.88
25/07/2013,51.16
26/07/2013,50.47
27/07/2013,48.96
28/07/2013,45.68
29/07/2013,47.43
30/07/2013,48.67
31/07/2013,49.47
01/08/2013,49.51
02/08/2013,48.79
03/08/2013,39.22
04/08/2013,43.63
05/08/2013,48.26
06/08/2013,47.03
07/08/2013,47.85
08/08/2013,48.34
09/08/2013,46.63
10/08/2013,48.76
11/08/2013,47.27
12/08/2013,46.44
13/08/2013,46.12
14/08/2013,47.38
15/08/2013,45.98
16/08/2013,45.72
17/08/2013,39.32
18/08/2013,37.24
19/08/2013,46.95
20/08/2013,46.19
21/08/2013,45.96
22/08/2013,47.23
23/08/2013,47.22
24/08/2013,52.01
25/08/2013,50.2
26/08/2013,47.62
27/08/2013,50.74
28/08/2013,50.21
29/08/2013,49.73
30/08/2013,47.55
31/08/2013,47.1
01/09/2013,45.1
02/09/2013,44.33
03/09/2013,46.69
04/09/2013,47.61
05/09/2013,46.79
06/09/2013,48.12
07/09/2013,42.14
08/09/2013,44.16
09/09/2013,47.94
10/09/2013,47.29
11/09/2013,49.87
12/09/2013,50.3
13/09/2013,52.16
14/09/2013,51.94
15/09/2013,50.19
16/09/2013,49.93
17/09/2013,49.62
18/09/2013,51.48
19/09/2013,52.53
20/09/2013,52.09
21/09/2013,52.46
22/09/2013,48.34
23/09/2013,51.29
24/09/2013,51.31
25/09/2013,51.37
26/09/2013,50.9
27/09/2013,49.84
28/09/2013,49.36
29/09/2013,44.99
30/09/2013,48.06
01/10/2013,46.6
02/10/2013,46.13
03/10/2013,45.55
04/10/2013,46.11
05/10/2013,48.93
06/10/2013,46.11
07/10/2013,46.84
08/10/2013,48.81
09/10/2013,48.36
10/10/2013,48.38
11/10/2013,47.65
12/10/2013,49.81
13/10/2013,47.8
14/10/2013,48.87
15/10/2013,50.95
16/10/2013,50.78
17/10/2013,49.92
18/10/2013,50.11
19/10/2013,46.38
20/10/2013,44.54
21/10/2013,47.42
22/10/2013,46.5
23/10/2013,45.28
24/10/2013,49.7
25/10/2013,45.19
26/10/2013,43.56
27/10/2013,41.92
28/10/2013,46.99
29/10/2013,46.39
30/10/2013,48.62
31/10/2013,47.8
01/11/2013,49.77
02/11/2013,51.59
03/11/2013,44.67
04/11/2013,50.91
05/11/2013,51.88
06/11/2013,51.8
07/11/2013,52.34
08/11/2013,51.15
09/11/2013,49.83
10/11/2013,51.54
11/11/2013,46.74
12/11/2013,48.64
13/11/2013,51.69
14/11/2013,48.52
15/11/2013,52.25
16/11/2013,52.94
17/11/2013,53.6
18/11/2013,55.37
19/11/2013,54.58
20/11/2013,52.32
21/11/2013,53.09
22/11/2013,55.56
23/11/2013,53.13
24/11/2013,51.65
25/11/2013,55.97
26/11/2013,58
27/11/2013,56.64
28/11/2013,57.52
29/11/2013,52.55
30/11/2013,50.86
01/12/2013,54.26
02/12/2013,54.44
03/12/2013,56.41
04/12/2013,55.23
05/12/2013,51.49
06/12/2013,52.89
07/12/2013,51.47
08/12/2013,46.8
09/12/2013,52.9
10/12/2013,54.36
11/12/2013,55.52
12/12/2013,56.48
13/12/2013,54.04
14/12/2013,49.84
15/12/2013,45.72
16/12/2013,49.72
17/12/2013,53.33
18/12/2013,49.84
19/12/2013,48.62
20/12/2013,46.31
21/12/2013,46.23
22/12/2013,44.27
23/12/2013,50.95
24/12/2013,45.16
25/12/2013,48.48
26/12/2013,48.05
27/12/2013,46.29
28/12/2013,48.2
29/12/2013,50.59
30/12/2013,47.67
31/12/2013,45.89
01/01/2014,38.63
02/01/2014,44.55
03/01/2014,44.22
04/01/2014,46.94
05/01/2014,46.3
06/01/2014,44.55
07/01/2014,45.48
08/01/2014,46.29
09/01/2014,47.09
10/01/2014,48.41
11/01/2014,48.32
12/01/2014,47.47
13/01/2014,49.81
14/01/2014,51.39
15/01/2014,47
16/01/2014,48.03
17/01/2014,48.54
18/01/2014,45
19/01/2014,45.69
20/01/2014,52.25
21/01/2014,51.37
22/01/2014,50.46
23/01/2014,48.37
24/01/2014,46.57
25/01/2014,44.35
26/01/2014,45.36
27/01/2014,45.89
28/01/2014,45.94
29/01/2014,45.87
30/01/2014,54.02
31/01/2014,47.84
01/02/2014,45.74
02/02/2014,44.66
03/02/2014,45.01
04/02/2014,47.03
05/02/2014,44.65
06/02/2014,45.37
07/02/2014,46.58
08/02/2014,43.37
09/02/2014,44.67
10/02/2014,47.91
11/02/2014,47.21
12/02/2014,48.66
13/02/2014,44.35
14/02/2014,45.59
15/02/2014,43.15
16/02/2014,44.76
17/02/2014,47.74
18/02/2014,46.71
19/02/2014,46.68
20/02/2014,42.43
21/02/2014,43.31
22/02/2014,42.4
23/02/2014,38.53
24/02/2014,43.9
25/02/2014,41.66
26/02/2014,42.3
27/02/2014,43.06
28/02/2014,47.25
01/03/2014,45.08
02/03/2014,44.25
03/03/2014,46.58
04/03/2014,49.56
05/03/2014,46.75
06/03/2014,45.69
07/03/2014,41.62
08/03/2014,44.82
09/03/2014,44.72
10/03/2014,44.98
11/03/2014,46.03
12/03/2014,47.95
13/03/2014,46.97
14/03/2014,45.71
15/03/2014,44.49
16/03/2014,40.23
17/03/2014,46.56
18/03/2014,44.4
19/03/2014,42.49
20/03/2014,41.7
21/03/2014,42.06
22/03/2014,42.27
23/03/2014,41.91
24/03/2014,44.21
25/03/2014,42.95
26/03/2014,44.84
27/03/2014,42.85
28/03/2014,42.75
29/03/2014,40.51
30/03/2014,40.39
31/03/2014,40.59
01/04/2014,42.5
02/04/2014,42
03/04/2014,41.54
04/04/2014,41.31
05/04/2014,39.29
06/04/2014,39.27
07/04/2014,41.43
08/04/2014,38.5
09/04/2014,41.42
10/04/2014,42.47
11/04/2014,41.77
12/04/2014,40.1
13/04/2014,37.68
14/04/2014,41.18
15/04/2014,43.01
16/04/2014,41.97
17/04/2014,42.42
18/04/2014,42.76
19/04/2014,42
20/04/2014,40.13
21/04/2014,38.13
22/04/2014,41.48
23/04/2014,42.52
24/04/2014,41.83
25/04/2014,41.31
26/04/2014,40.03
27/04/2014,41.9
28/04/2014,42.97
29/04/2014,42.25
30/04/2014,43.62
01/05/2014,41.85
02/05/2014,41.03
03/05/2014,41.05
04/05/2014,39.22
05/05/2014,39.59
06/05/2014,38.9
07/05/2014,39.67
08/05/2014,38.84
09/05/2014,37.65
10/05/2014,38.37
11/05/2014,37.78
12/05/2014,41.98
13/05/2014,41.95
14/05/2014,41.94
15/05/2014,42.15
16/05/2014,39.73
17/05/2014,39.45
18/05/2014,38.47
19/05/2014,41.01
20/05/2014,38.58
21/05/2014,38.24
22/05/2014,39.01
23/05/2014,39.82
24/05/2014,39.26
25/05/2014,40.02
26/05/2014,38.17
27/05/2014,37.76
28/05/2014,39.04
29/05/2014,38.63
30/05/2014,37.68
31/05/2014,37.79
01/06/2014,37.05
02/06/2014,39.01
03/06/2014,37.93
04/06/2014,37.73
05/06/2014,38.11
06/06/2014,35.96
07/06/2014,34.64
08/06/2014,34.29
09/06/2014,37.44
10/06/2014,36.57
11/06/2014,37.04
12/06/2014,37.48
13/06/2014,38.41
14/06/2014,37.79
15/06/2014,36.92
16/06/2014,38.37
17/06/2014,39.37
18/06/2014,37.23
19/06/2014,36.49
20/06/2014,36.5
21/06/2014,35.56
22/06/2014,34.81
23/06/2014,34.95
24/06/2014,34.53
25/06/2014,36.73
26/06/2014,36.17
27/06/2014,36.27
28/06/2014,35.49
29/06/2014,35.98
30/06/2014,36.87
01/07/2014,37.91
02/07/2014,35.56
03/07/2014,34.86
04/07/2014,34.16
05/07/2014,33.09
06/07/2014,34.71
07/07/2014,35.92
08/07/2014,36.06
09/07/2014,33.91
10/07/2014,35.47
11/07/2014,35.78
12/07/2014,33.28
13/07/2014,32.14
14/07/2014,34.39
15/07/2014,34.82
16/07/2014,33.88
17/07/2014,36.21
18/07/2014,34.05
19/07/2014,35.38
20/07/2014,35.64
21/07/2014,37.49
22/07/2014,36.8
23/07/2014,35.34
24/07/2014,35
25/07/2014,36.3
26/07/2014,36.1
27/07/2014,35.29
28/07/2014,37.46
29/07/2014,35.96
30/07/2014,38.23
31/07/2014,36.85
01/08/2014,37.16
02/08/2014,37.37
03/08/2014,34.05
04/08/2014,36.95
05/08/2014,36.21
06/08/2014,35.64
07/08/2014,37.46
08/08/2014,38.83
09/08/2014,35.02
10/08/2014,34.8
11/08/2014,33.85
12/08/2014,35.87
13/08/2014,38.69
14/08/2014,41.02
15/08/2014,38.99
16/08/2014,40.1
17/08/2014,36.08
18/08/2014,37.08
19/08/2014,40.62
20/08/2014,40.07
21/08/2014,39.43
22/08/2014,37.9
23/08/2014,38.96
24/08/2014,38.45
25/08/2014,36.49
26/08/2014,38.94
27/08/2014,38.74
28/08/2014,38.12
29/08/2014,38.55
30/08/2014,39.46
31/08/2014,41.53
01/09/2014,44.52
02/09/2014,44.83
03/09/2014,46.19
04/09/2014,42.71
05/09/2014,43.54
06/09/2014,41.69
07/09/2014,40.3
08/09/2014,41.53
09/09/2014,40.61
10/09/2014,41.15
11/09/2014,39.91
12/09/2014,41.04
13/09/2014,42.29
14/09/2014,39.92
15/09/2014,42.81
16/09/2014,45.61
17/09/2014,45.58
18/09/2014,44.08
19/09/2014,44.76
20/09/2014,44.73
21/09/2014,43.5
22/09/2014,43.94
23/09/2014,43.79
24/09/2014,43.07
25/09/2014,42.98
26/09/2014,40.7
27/09/2014,43.82
28/09/2014,41.81
29/09/2014,44.16
30/09/2014,43.14
01/10/2014,45.94
02/10/2014,44.29
03/10/2014,41.8
04/10/2014,42.74
05/10/2014,40.98
06/10/2014,44.2
07/10/2014,44.47
08/10/2014,41.81
09/10/2014,41.64
10/10/2014,43.53
11/10/2014,46.49
12/10/2014,45.61
13/10/2014,44.94
14/10/2014,46.71
15/10/2014,50.02
16/10/2014,54.86
17/10/2014,49.31
18/10/2014,40.51
19/10/2014,35.94
20/10/2014,43.88
21/10/2014,39.31
22/10/2014,44.39
23/10/2014,44.74
24/10/2014,45.13
25/10/2014,40.89
26/10/2014,37.35
27/10/2014,39.12
28/10/2014,43.15
29/10/2014,53.96
30/10/2014,51.86
31/10/2014,42.55
01/11/2014,41.22
02/11/2014,37.95
03/11/2014,46.39
04/11/2014,54.34
05/11/2014,51.4
06/11/2014,43.62
07/11/2014,41.28
08/11/2014,44.76
09/11/2014,48.15
10/11/2014,46.31
11/11/2014,43.78
12/11/2014,45.28
13/11/2014,43.7
14/11/2014,42.94
15/11/2014,47.47
16/11/2014,46.57
17/11/2014,49.87
18/11/2014,49.64
19/11/2014,48.4
20/11/2014,49.9
21/11/2014,47.03
22/11/2014,44.96
23/11/2014,43.99
24/11/2014,50.35
25/11/2014,52.44
26/11/2014,53.95
27/11/2014,53.96
28/11/2014,48.16
29/11/2014,49.98
30/11/2014,50.79
01/12/2014,51.52
02/12/2014,48.89
03/12/2014,50.58
04/12/2014,52.58
05/12/2014,47.96
06/12/2014,46.44
07/12/2014,41.48
08/12/2014,44.76
09/12/2014,45.97
10/12/2014,43.88
11/12/2014,45.33
12/12/2014,45.34
13/12/2014,44
14/12/2014,39.31
15/12/2014,43.99
16/12/2014,44.55
17/12/2014,41.6
18/12/2014,41.83
19/12/2014,40.54
20/12/2014,40.23
21/12/2014,40.6
22/12/2014,39.74
23/12/2014,40.85
24/12/2014,39.11
25/12/2014,39.8
26/12/2014,44.69
27/12/2014,43.35
28/12/2014,45.32
29/12/2014,47.25
30/12/2014,45.47
31/12/2014,41.39
01/01/2015,37.08
02/01/2015,36.17
03/01/2015,41.63
04/01/2015,42.76
05/01/2015,42.84
06/01/2015,41.07
07/01/2015,38.83
08/01/2015,38.6
09/01/2015,37.29
10/01/2015,34.09
11/01/2015,34.85
12/01/2015,38.44
13/01/2015,40.04
14/01/2015,38.5
15/01/2015,38.74
16/01/2015,40.91
17/01/2015,40.65
18/01/2015,40.11
19/01/2015,43.46
20/01/2015,41.16
21/01/2015,42.58
22/01/2015,43.42
23/01/2015,39.11
24/01/2015,37.82
25/01/2015,39.63
26/01/2015,40.13
27/01/2015,38.78
28/01/2015,35.57
29/01/2015,39.03
30/01/2015,39.85
31/01/2015,35.51
01/02/2015,39.52
02/02/2015,44.03
03/02/2015,43.1
04/02/2015,41.39
05/02/2015,45.15
06/02/2015,43.82
07/02/2015,42.29
08/02/2015,41.58
09/02/2015,45.84
10/02/2015,48.4
11/02/2015,45
12/02/2015,48.6
13/02/2015,42.84
14/02/2015,43.8
15/02/2015,41.58
16/02/2015,43.91
17/02/2015,42.62
18/02/2015,40.69
19/02/2015,40.73
20/02/2015,42.55
21/02/2015,40.94
22/02/2015,42.9
23/02/2015,41.51
24/02/2015,40.72
25/02/2015,42.06
26/02/2015,40.67
27/02/2015,44.14
28/02/2015,42.07
01/03/2015,34.91
02/03/2015,42.74
03/03/2015,41.25
04/03/2015,41.67
05/03/2015,40.21
06/03/2015,40.92
07/03/2015,35.98
08/03/2015,33.85
09/03/2015,38.14
10/03/2015,40.62
11/03/2015,40.78
12/03/2015,39.3
13/03/2015,41.71
14/03/2015,40.92
15/03/2015,40.08
16/03/2015,40.75
17/03/2015,41.9
18/03/2015,41.31
19/03/2015,41.03
20/03/2015,41.22
21/03/2015,40.03
22/03/2015,40.7
23/03/2015,41.77
24/03/2015,41.98
25/03/2015,44.14
26/03/2015,40.24
27/03/2015,42.98
28/03/2015,40.12
29/03/2015,39.77
30/03/2015,42.84
31/03/2015,40.14
01/04/2015,44.94
02/04/2015,49.69
03/04/2015,45.95
04/04/2015,45.97
05/04/2015,45.38
06/04/2015,43.76
07/04/2015,47.13
08/04/2015,44.41
09/04/2015,44.9
10/04/2015,44.71
11/04/2015,39.12
12/04/2015,39.91
13/04/2015,46.72
14/04/2015,43.25
15/04/2015,44.37
16/04/2015,45.59
17/04/2015,45.8
18/04/2015,43.43
19/04/2015,43.65
20/04/2015,44.31
21/04/2015,42.94
22/04/2015,43.1
23/04/2015,43.77
24/04/2015,42.97
25/04/2015,41.74
26/04/2015,43.41
27/04/2015,44.39
28/04/2015,42.25
29/04/2015,43.26
30/04/2015,42.43
01/05/2015,42.59
02/05/2015,39.85
03/05/2015,35.85
04/05/2015,39.54
05/05/2015,37.3
06/05/2015,39.05
07/05/2015,42.63
08/05/2015,42.98
09/05/2015,43.99
10/05/2015,41.51
11/05/2015,36.42
12/05/2015,38.66
13/05/2015,44.31
14/05/2015,42.4
15/05/2015,42.6
16/05/2015,36.74
17/05/2015,36.74
18/05/2015,39.99
19/05/2015,40.57
20/05/2015,40.87
21/05/2015,41.45
22/05/2015,41.52
23/05/2015,41.25
24/05/2015,39.13
25/05/2015,41.73
26/05/2015,41.75
27/05/2015,42.81
28/05/2015,40.96
29/05/2015,42.29
30/05/2015,41.2
31/05/2015,35.48
01/06/2015,38.73
02/06/2015,37.41
03/06/2015,40.7
04/06/2015,44.29
05/06/2015,42.16
06/06/2015,36.98
07/06/2015,39.02
08/06/2015,45.48
09/06/2015,43.55
10/06/2015,40.25
11/06/2015,43.21
12/06/2015,42.06
13/06/2015,41.67
14/06/2015,41.41
15/06/2015,43.28
16/06/2015,42.62
17/06/2015,40.95
18/06/2015,40.95
19/06/2015,40.86
20/06/2015,42.42
21/06/2015,38.51
22/06/2015,39.07
23/06/2015,42.41
24/06/2015,42.12
25/06/2015,42.19
26/06/2015,41.77
27/06/2015,43.65
28/06/2015,39.63
29/06/2015,41.85
30/06/2015,41.69
01/07/2015,40.36
02/07/2015,41.85
03/07/2015,41.45
04/07/2015,40.03
05/07/2015,40.28
06/07/2015,42.45
07/07/2015,42.19
08/07/2015,42.27
09/07/2015,44.4
10/07/2015,43.56
11/07/2015,42.78
12/07/2015,42.31
13/07/2015,44.39
14/07/2015,47.33
15/07/2015,43.63
16/07/2015,44.02
17/07/2015,40.77
18/07/2015,40.58
19/07/2015,42.29
20/07/2015,43.18
21/07/2015,41.58
22/07/2015,43.12
23/07/2015,42.35
24/07/2015,42.97
25/07/2015,37.56
26/07/2015,36.06
27/07/2015,41.06
28/07/2015,41.78
29/07/2015,41.73
30/07/2015,42.5
31/07/2015,42.41
01/08/2015,41.67
02/08/2015,41.65
03/08/2015,40.68
04/08/2015,39.52
05/08/2015,42.26
06/08/2015,42.72
07/08/2015,44.1
08/08/2015,40.41
09/08/2015,40.48
10/08/2015,42.34
11/08/2015,42.07
12/08/2015,42.54
13/08/2015,42.04
14/08/2015,42
15/08/2015,39.69
16/08/2015,41.14
17/08/2015,42.2
18/08/2015,40.25
19/08/2015,40.28
20/08/2015,40.22
21/08/2015,39.39
22/08/2015,39.34
23/08/2015,38.45
24/08/2015,41.66
25/08/2015,39.21
26/08/2015,37.71
27/08/2015,38.6
28/08/2015,39.56
29/08/2015,38.42
30/08/2015,39.22
31/08/2015,39.43
01/09/2015,40.54
02/09/2015,41.51
03/09/2015,39.29
04/09/2015,41.48
05/09/2015,40.42
06/09/2015,39.74
07/09/2015,43.42
08/09/2015,42.19
09/09/2015,42.02
10/09/2015,41.62
11/09/2015,40.12
12/09/2015,35.99
13/09/2015,40.14
14/09/2015,44.73
15/09/2015,43.8
16/09/2015,45.06
17/09/2015,42.63
18/09/2015,41.47
19/09/2015,40.32
20/09/2015,40.77
21/09/2015,42.65
22/09/2015,42.04
23/09/2015,42.6
24/09/2015,40.91
25/09/2015,43.7
26/09/2015,41.26
27/09/2015,41.07
28/09/2015,42.96
29/09/2015,41.16
30/09/2015,40.89
01/10/2015,40.65
02/10/2015,40.44
03/10/2015,39.81
04/10/2015,38.82
05/10/2015,38.9
06/10/2015,40.72
07/10/2015,40.32
08/10/2015,41.85
09/10/2015,41.22
10/10/2015,39.59
11/10/2015,38.26
12/10/2015,41.38
13/10/2015,39.75
14/10/2015,39.95
15/10/2015,40.37
16/10/2015,39.94
17/10/2015,40.46
18/10/2015,41.11
19/10/2015,43.29
20/10/2015,42.36
21/10/2015,40.05
22/10/2015,39.5
23/10/2015,41.25
24/10/2015,38.56
25/10/2015,41.72
26/10/2015,40.8
27/10/2015,40.11
28/10/2015,40.37
29/10/2015,39.2
30/10/2015,37.8
31/10/2015,38.42
01/11/2015,38.5
02/11/2015,40.51
03/11/2015,39.36
04/11/2015,46.86
05/11/2015,37.69
06/11/2015,38.09
07/11/2015,37.01
08/11/2015,34.85
09/11/2015,34.89
10/11/2015,35.57
11/11/2015,36.95
12/11/2015,37.35
13/11/2015,33.89
14/11/2015,35.23
15/11/2015,34.6
16/11/2015,35.42
17/11/2015,36.97
18/11/2015,35.36
19/11/2015,36.53
20/11/2015,38.25
21/11/2015,36.33
22/11/2015,38.02
23/11/2015,46.35
24/11/2015,40.01
25/11/2015,38.12
26/11/2015,40.08
27/11/2015,37.21
28/11/2015,36.39
29/11/2015,34.2
30/11/2015,38.4
01/12/2015,39.09
02/12/2015,39.46
03/12/2015,39.6
04/12/2015,36
05/12/2015,34.51
06/12/2015,34.77
07/12/2015,39.11
08/12/2015,36.04
09/12/2015,37.81
10/12/2015,36.89
11/12/2015,36.79
12/12/2015,38.05
13/12/2015,37.67
14/12/2015,39.14
15/12/2015,37.05
16/12/2015,35.68
17/12/2015,36.45
18/12/2015,33.83
19/12/2015,32.63
20/12/2015,31.08
21/12/2015,32.8
22/12/2015,31.12
23/12/2015,31.89
24/12/2015,29.05
25/12/2015,28.5
26/12/2015,28.01
27/12/2015,32.12
28/12/2015,33.17
29/12/2015,34.31
30/12/2015,30.76
31/12/2015,36.18
01/01/2016,32.63
02/01/2016,33.15
03/01/2016,35.65
04/01/2016,37.68
05/01/2016,36.73
06/01/2016,36.17
07/01/2016,37.12
08/01/2016,38.56
09/01/2016,38.04
10/01/2016,35.46
11/01/2016,38.61
12/01/2016,36.46
13/01/2016,36.92
14/01/2016,35.88
15/01/2016,35.13
16/01/2016,35.23
17/01/2016,35.11
18/01/2016,44.51
19/01/2016,51.65
20/01/2016,44.91
21/01/2016,39.22
22/01/2016,33.9
23/01/2016,34.58
24/01/2016,35.09
25/01/2016,33.13
26/01/2016,31.62
27/01/2016,32.38
28/01/2016,32.15
29/01/2016,30.15
30/01/2016,32.59
31/01/2016,35.37
01/02/2016,32.99
02/02/2016,31.1
03/02/2016,33.72
04/02/2016,32.83
05/02/2016,31.75
06/02/2016,31.02
07/02/2016,29.53
08/02/2016,31.5
09/02/2016,31.95
10/02/2016,32.2
11/02/2016,35.41
12/02/2016,33
13/02/2016,33.74
14/02/2016,32.06
15/02/2016,34.79
16/02/2016,31.87
17/02/2016,33.91
18/02/2016,33.47
19/02/2016,33
20/02/2016,32.52
21/02/2016,31.54
22/02/2016,34.36
23/02/2016,34.49
24/02/2016,35.94
25/02/2016,43.9
26/02/2016,34.4
27/02/2016,33.28
28/02/2016,34.26
29/02/2016,33.16
01/03/2016,33.53
02/03/2016,33.09
03/03/2016,36.09
04/03/2016,33.62
05/03/2016,32.74
06/03/2016,34.07
07/03/2016,38.99
08/03/2016,35.52
09/03/2016,34.25
10/03/2016,38.51
11/03/2016,36.34
12/03/2016,33.14
13/03/2016,32.66
14/03/2016,34.23
15/03/2016,32.67
16/03/2016,32.56
17/03/2016,34.8
18/03/2016,34.09
19/03/2016,33.58
20/03/2016,32.83
21/03/2016,36.9
22/03/2016,37.6
23/03/2016,35.11
24/03/2016,33.32
25/03/2016,33.92
26/03/2016,31.08
27/03/2016,28.49
28/03/2016,33.7
29/03/2016,35.2
30/03/2016,33.57
31/03/2016,34.59
01/04/2016,31.98
02/04/2016,32.01
03/04/2016,30.52
04/04/2016,35.21
05/04/2016,32.08
06/04/2016,30.13
07/04/2016,31.51
08/04/2016,32.59
09/04/2016,31.81
10/04/2016,29.61
11/04/2016,28.13
12/04/2016,35.2
13/04/2016,35
14/04/2016,35.74
15/04/2016,34.59
16/04/2016,32.01
17/04/2016,32.5
18/04/2016,32.69
19/04/2016,37.04
20/04/2016,34.86
21/04/2016,33.6
22/04/2016,34.94
23/04/2016,33.81
24/04/2016,33.87
25/04/2016,34.05
26/04/2016,33.54
27/04/2016,37.29
28/04/2016,38.21
29/04/2016,35.7
30/04/2016,34.26
01/05/2016,33.2
02/05/2016,31.98
03/05/2016,34.17
04/05/2016,32.96
05/05/2016,32.67
06/05/2016,35.45
07/05/2016,32.66
08/05/2016,32.74
09/05/2016,34.54
10/05/2016,37.99
11/05/2016,43.88
12/05/2016,35.08
13/05/2016,36.3
14/05/2016,33.61
15/05/2016,34.29
16/05/2016,45.58
17/05/2016,35.84
18/05/2016,35.52
19/05/2016,35.75
20/05/2016,31.77
21/05/2016,30.48
22/05/2016,32.98
23/05/2016,33.94
24/05/2016,32.24
25/05/2016,34.28
26/05/2016,32.9
27/05/2016,32.87
28/05/2016,33.75
29/05/2016,32.3
30/05/2016,32.11
31/05/2016,32.51
01/06/2016,34.64
02/06/2016,35.18
03/06/2016,37.22
04/06/2016,34.28
05/06/2016,33.52
06/06/2016,39.1
07/06/2016,38.48
08/06/2016,38.11
09/06/2016,39.38
10/06/2016,41.14
11/06/2016,35.73
12/06/2016,34.76
13/06/2016,37.91
14/06/2016,37.24
15/06/2016,36.92
16/06/2016,39.04
17/06/2016,36.5
18/06/2016,37.44
19/06/2016,35.08
20/06/2016,34.64
21/06/2016,37.06
22/06/2016,39.36
23/06/2016,41.4
24/06/2016,37.24
25/06/2016,36.23
26/06/2016,35.87
27/06/2016,39.08
28/06/2016,40.98
29/06/2016,38.21
30/06/2016,37.13
01/07/2016,36.09
02/07/2016,33.52
03/07/2016,34.08
04/07/2016,42.78
05/07/2016,36.16
06/07/2016,38.44
07/07/2016,36.19
08/07/2016,36.49
09/07/2016,36.87
10/07/2016,34.81
11/07/2016,33.08
12/07/2016,39.72
13/07/2016,37.21
14/07/2016,37.26
15/07/2016,38.12
16/07/2016,36.58
17/07/2016,36.43
18/07/2016,39.76
19/07/2016,37.51
20/07/2016,37.79
21/07/2016,39.61
22/07/2016,39.42
23/07/2016,38.7
24/07/2016,38.5
25/07/2016,39.01
26/07/2016,40.17
27/07/2016,38.72
28/07/2016,39.93
29/07/2016,38.2
30/07/2016,36.61
31/07/2016,35.62
01/08/2016,45.98
02/08/2016,40.12
03/08/2016,36.03
04/08/2016,36.47
05/08/2016,39.1
06/08/2016,36.18
07/08/2016,30.45
08/08/2016,30.45
09/08/2016,36.5
10/08/2016,37.17
11/08/2016,34.82
12/08/2016,35.28
13/08/2016,34.27
14/08/2016,33.92
15/08/2016,36.78
16/08/2016,33.61
17/08/2016,36.23
18/08/2016,37.35
19/08/2016,34.44
20/08/2016,31.62
21/08/2016,32.66
22/08/2016,34.94
23/08/2016,34.57
24/08/2016,40.97
25/08/2016,39.68
26/08/2016,33.57
27/08/2016,34.23
28/08/2016,32.36
29/08/2016,35.35
30/08/2016,34.34
31/08/2016,33.25
01/09/2016,33.4
02/09/2016,30.72
03/09/2016,27.93
04/09/2016,31.01
05/09/2016,37.22
06/09/2016,38.96
07/09/2016,40.07
08/09/2016,31.6
09/09/2016,29.84
10/09/2016,32.35
11/09/2016,29.18
12/09/2016,41.08
13/09/2016,58.39
14/09/2016,51.72
15/09/2016,123.61
16/09/2016,34.44
17/09/2016,33.11
18/09/2016,35.84
19/09/2016,169.65
20/09/2016,67.09
21/09/2016,37.95
22/09/2016,38.04
23/09/2016,37.94
24/09/2016,37.57
25/09/2016,37.02
26/09/2016,43.91
27/09/2016,38.49
28/09/2016,38.65
29/09/2016,36.16
30/09/2016,45.83
01/10/2016,46.81
02/10/2016,42.14
03/10/2016,47.08
04/10/2016,42.39
05/10/2016,36.78
06/10/2016,42.1
07/10/2016,46.48
08/10/2016,46.73
09/10/2016,39.77
10/10/2016,54.83
11/10/2016,46.01
12/10/2016,49.91
13/10/2016,49.59
14/10/2016,51.46
15/10/2016,43.53
16/10/2016,42.75
17/10/2016,46.26
18/10/2016,43.05
19/10/2016,48.46
20/10/2016,54.5
21/10/2016,64.04
22/10/2016,49.19
23/10/2016,42.67
24/10/2016,79.41
25/10/2016,72.93
26/10/2016,51.97
27/10/2016,48.12
28/10/2016,50.4
29/10/2016,47.85
30/10/2016,43.11
31/10/2016,57.11
01/11/2016,53.53
02/11/2016,74.03
03/11/2016,58.95
04/11/2016,59.97
05/11/2016,48.7
06/11/2016,43.08
07/11/2016,102.7
08/11/2016,99.36
09/11/2016,97.72
10/11/2016,61.41
11/11/2016,53.22
12/11/2016,51.78
13/11/2016,48.89
14/11/2016,85.4
15/11/2016,60.92
16/11/2016,47.1
17/11/2016,48.08
18/11/2016,51.8
19/11/2016,50.93
20/11/2016,46.17
21/11/2016,51.65
22/11/2016,51.45
23/11/2016,60.59
24/11/2016,50.04
25/11/2016,48.18
26/11/2016,53.26
27/11/2016,47.46
28/11/2016,61.18
29/11/2016,69.47
30/11/2016,54.42
01/12/2016,59.48
02/12/2016,62.82
03/12/2016,49.56
04/12/2016,45.11
05/12/2016,66.87
06/12/2016,50.82
07/12/2016,44.66
08/12/2016,45.71
09/12/2016,43.55
10/12/2016,44.55
11/12/2016,45.39
12/12/2016,49.63
13/12/2016,48.11
14/12/2016,47.28
15/12/2016,45.65
16/12/2016,48.06
17/12/2016,45.48
18/12/2016,45.84
19/12/2016,51.54
20/12/2016,45.63
21/12/2016,45.23
22/12/2016,47.22
23/12/2016,46
24/12/2016,46
25/12/2016,39.26
26/12/2016,38.54
27/12/2016,50.2
28/12/2016,54.67
29/12/2016,49.75
30/12/2016,49.84
31/12/2016,49.27
01/01/2017,49.6
02/01/2017,50.55
03/01/2017,52.38
04/01/2017,52.65
05/01/2017,52.45
06/01/2017,49.65
07/01/2017,49.61
08/01/2017,48.98
09/01/2017,47.69
10/01/2017,50.42
11/01/2017,50.68
12/01/2017,52.14
13/01/2017,53.71
14/01/2017,52.59
15/01/2017,52.28
16/01/2017,59.52
17/01/2017,66.02
18/01/2017,60.79
19/01/2017,56.74
20/01/2017,52.32
21/01/2017,51.13
22/01/2017,52.69
23/01/2017,56.72
24/01/2017,56.34
25/01/2017,52.86
26/01/2017,52.16
27/01/2017,52.16
28/01/2017,50.14
29/01/2017,49.78
30/01/2017,51.12
31/01/2017,52.63
01/02/2017,51.87
02/02/2017,52.3
03/02/2017,51.81
04/02/2017,55.44
05/02/2017,57.66
06/02/2017,55.32
07/02/2017,55.31
08/02/2017,54.77
09/02/2017,51.41
10/02/2017,53.44
11/02/2017,48.89
12/02/2017,46.82
13/02/2017,48.56
14/02/2017,51.14
15/02/2017,48.77
16/02/2017,47.03
17/02/2017,49.27
18/02/2017,45.4
19/02/2017,44.01
20/02/2017,44.27
21/02/2017,46.07
22/02/2017,43.55
23/02/2017,43.57
24/02/2017,47.06
25/02/2017,45.54
26/02/2017,47.36
27/02/2017,46.87
28/02/2017,43.7
01/03/2017,47.99
02/03/2017,44.02
03/03/2017,44.78
04/03/2017,41.51
05/03/2017,41.98
06/03/2017,45.79
07/03/2017,43.72
08/03/2017,43.97
09/03/2017,45.28
10/03/2017,42.41
11/03/2017,43.38
12/03/2017,42.35
13/03/2017,41.39
14/03/2017,38.84
15/03/2017,42.13
16/03/2017,40.52
17/03/2017,40.89
18/03/2017,40.24
19/03/2017,36.77
20/03/2017,41.02
21/03/2017,41.92
22/03/2017,40.35
23/03/2017,41.39
24/03/2017,40.54
25/03/2017,41.17
26/03/2017,40.06
27/03/2017,43.46
28/03/2017,42.15
29/03/2017,39.44
30/03/2017,39.95
31/03/2017,40.08
01/04/2017,41.62
02/04/2017,40.11
03/04/2017,38.87
04/04/2017,41.84
05/04/2017,43.62
06/04/2017,47.35
07/04/2017,43.48
08/04/2017,41.47
09/04/2017,38.57
10/04/2017,41.09
11/04/2017,39.23
12/04/2017,39.84
13/04/2017,39.51
14/04/2017,39.66
15/04/2017,39.52
16/04/2017,42.41
17/04/2017,38.79
18/04/2017,39.97
19/04/2017,39.6
20/04/2017,42.06
21/04/2017,40.31
22/04/2017,39.4
23/04/2017,39.06
24/04/2017,40.81
25/04/2017,39.77
26/04/2017,43.63
27/04/2017,42.32
28/04/2017,47.45
29/04/2017,40.37
30/04/2017,40.37
01/05/2017,41.15
02/05/2017,44.2
03/05/2017,42.38
04/05/2017,41.03
05/05/2017,40.85
06/05/2017,41.87
07/05/2017,39.99
08/05/2017,41.12
09/05/2017,45.58
10/05/2017,44.47
11/05/2017,41.9
12/05/2017,40.62
13/05/2017,36.86
14/05/2017,38.76
15/05/2017,40.48
16/05/2017,40.6
17/05/2017,51.38
18/05/2017,45.84
19/05/2017,43.65
20/05/2017,39.11
21/05/2017,39.91
22/05/2017,39.03
23/05/2017,39.96
24/05/2017,39.19
25/05/2017,39.47
26/05/2017,37.72
27/05/2017,39.02
28/05/2017,38.96
29/05/2017,38.95
30/05/2017,39.69
31/05/2017,40.57
01/06/2017,38.44
02/06/2017,38.92
03/06/2017,37.92
04/06/2017,35
05/06/2017,37.77
06/06/2017,37.89
07/06/2017,31.14
08/06/2017,39.38
09/06/2017,37.77
10/06/2017,38.34
11/06/2017,32.18
12/06/2017,34.73
13/06/2017,37.33
14/06/2017,36.12
15/06/2017,34.27
16/06/2017,29.8
17/06/2017,32.49
18/06/2017,35.27
19/06/2017,40.58
20/06/2017,38.98
21/06/2017,40.96
22/06/2017,41.69
23/06/2017,37.06
24/06/2017,37.01
25/06/2017,37.56
26/06/2017,56.23
27/06/2017,40.47
28/06/2017,39.18
29/06/2017,40.72
30/06/2017,41.24
01/07/2017,42.41
02/07/2017,37.19
03/07/2017,40.9
04/07/2017,50.39
05/07/2017,49.66
06/07/2017,46.87
07/07/2017,40.81
08/07/2017,38.22
09/07/2017,37.36
10/07/2017,47.98
11/07/2017,59.13
12/07/2017,41.03
13/07/2017,38.95
14/07/2017,38.77
15/07/2017,36.08
16/07/2017,35.36
17/07/2017,39.86
18/07/2017,36.6
19/07/2017,37.74
20/07/2017,37.86
21/07/2017,39.14
22/07/2017,39.46
23/07/2017,40.44
24/07/2017,39.71
25/07/2017,43.26
26/07/2017,38.54
27/07/2017,38.77
28/07/2017,38.18
29/07/2017,36.81
30/07/2017,38.7
31/07/2017,39.28
01/08/2017,41.61
02/08/2017,39.55
03/08/2017,39.7
04/08/2017,38.65
05/08/2017,40.06
06/08/2017,38.86
07/08/2017,41.66
08/08/2017,43.05
09/08/2017,39.28
10/08/2017,43.44
11/08/2017,42.54
12/08/2017,41.45
13/08/2017,44.91
14/08/2017,42.59
15/08/2017,42.75
16/08/2017,40.77
17/08/2017,42.02
18/08/2017,42.21
19/08/2017,32.15
20/08/2017,42.22
21/08/2017,46.62
22/08/2017,46.79
23/08/2017,41.86
24/08/2017,44.1
25/08/2017,44.5
26/08/2017,44.48
27/08/2017,43.3
28/08/2017,43.88
29/08/2017,47.03
30/08/2017,46.6
31/08/2017,46.76
01/09/2017,45.02
02/09/2017,44.87
03/09/2017,43.73
04/09/2017,43.35
05/09/2017,43.94
06/09/2017,44.11
07/09/2017,44.3
08/09/2017,42.08
09/09/2017,45.85
10/09/2017,44.19
11/09/2017,40.55
12/09/2017,45.79
13/09/2017,45.41
14/09/2017,47.61
15/09/2017,47.49
16/09/2017,48.31
17/09/2017,47.09
18/09/2017,54.15
19/09/2017,55.46
20/09/2017,47.12
21/09/2017,48.48
22/09/2017,46.51
23/09/2017,43.76
24/09/2017,42.73
25/09/2017,45.78
26/09/2017,46.5
27/09/2017,46.49
28/09/2017,49.04
29/09/2017,44.15
30/09/2017,45.64
01/10/2017,44.66
02/10/2017,38.04
03/10/2017,42.08
04/10/2017,45.22
05/10/2017,45.93
06/10/2017,46.62
07/10/2017,44.21
08/10/2017,47.2
09/10/2017,50.25
10/10/2017,47.54
11/10/2017,47.05
12/10/2017,46.56
13/10/2017,43.45
14/10/2017,44.75
15/10/2017,42.17
16/10/2017,46.23
17/10/2017,47.32
18/10/2017,50.75
19/10/2017,47.47
20/10/2017,45.76
21/10/2017,43.95
22/10/2017,42.47
23/10/2017,46.49
24/10/2017,46.2
25/10/2017,46.52
26/10/2017,49.68
27/10/2017,47.03
28/10/2017,45.47
29/10/2017,41.45
30/10/2017,47.95
31/10/2017,46.47
01/11/2017,44.91
02/11/2017,47.96
03/11/2017,49.32
04/11/2017,46.49
05/11/2017,44.42
06/11/2017,47.7
07/11/2017,49.85
08/11/2017,50.09
09/11/2017,49.85
10/11/2017,50.58
11/11/2017,51.19
12/11/2017,48.15
13/11/2017,51.87
14/11/2017,53.52
15/11/2017,52.98
16/11/2017,49.74
17/11/2017,51.08
18/11/2017,49.32
19/11/2017,51.32
20/11/2017,50.79
21/11/2017,49.59
22/11/2017,50.48
23/11/2017,49.34
24/11/2017,52.73
25/11/2017,50.56
26/11/2017,50.72
27/11/2017,51.65
28/11/2017,53.4
29/11/2017,53.85
30/11/2017,53.77
01/12/2017,54.4
02/12/2017,54.21
03/12/2017,52.57
04/12/2017,55.4
05/12/2017,53.52
06/12/2017,52.76
07/12/2017,53.49
08/12/2017,54.51
09/12/2017,55.22
10/12/2017,53.21
11/12/2017,57
12/12/2017,67.64
13/12/2017,63.34
14/12/2017,58.82
15/12/2017,54.99
16/12/2017,57.06
17/12/2017,55.33
18/12/2017,58.39
19/12/2017,56.9
20/12/2017,57.7
21/12/2017,55.93
22/12/2017,53.59
23/12/2017,51.46
24/12/2017,49.5
25/12/2017,52.82
26/12/2017,50.01
27/12/2017,53.33
28/12/2017,56.23
29/12/2017,52.88
30/12/2017,51.75
31/12/2017,44.67
01/01/2018,46.06
02/01/2018,51.67
03/01/2018,49.85
04/01/2018,53.08
05/01/2018,56.81
06/01/2018,50.35
07/01/2018,51.24
08/01/2018,51.02
09/01/2018,52.61
10/01/2018,56.96
11/01/2018,56.27
12/01/2018,51.62
13/01/2018,51.26
14/01/2018,49.84
15/01/2018,49.5
16/01/2018,49.79
17/01/2018,49.13
18/01/2018,50.14
19/01/2018,47.03
20/01/2018,52.68
21/01/2018,48.46
22/01/2018,48.74
23/01/2018,46.87
24/01/2018,47.23
25/01/2018,48.96
26/01/2018,51.3
27/01/2018,46.41
28/01/2018,45.71
29/01/2018,40.47
30/01/2018,46.45
31/01/2018,46.42
01/02/2018,46.76
02/02/2018,48.61
03/02/2018,49.83
04/02/2018,47.52
05/02/2018,50.33
06/02/2018,49.5
07/02/2018,48.71
08/02/2018,50.3
09/02/2018,48.32
10/02/2018,47.75
11/02/2018,46.93
12/02/2018,49.67
13/02/2018,47.77
14/02/2018,49.31
15/02/2018,47.9
16/02/2018,48.66
17/02/2018,49.41
18/02/2018,49.13
19/02/2018,50.95
20/02/2018,50.6
21/02/2018,52.88
22/02/2018,54.37
23/02/2018,54.47
24/02/2018,55
25/02/2018,53.97
26/02/2018,59.29
27/02/2018,60.88
28/02/2018,63.3
01/03/2018,81.93
02/03/2018,92.57
03/03/2018,75.87
04/03/2018,66.28
05/03/2018,62.69
06/03/2018,52.85
07/03/2018,52.76
08/03/2018,51.73
09/03/2018,52.85
10/03/2018,50.7
11/03/2018,53.61
12/03/2018,52.8
13/03/2018,76.49
14/03/2018,55.54
15/03/2018,55.13
16/03/2018,54.77
17/03/2018,55.88
18/03/2018,54.45
19/03/2018,55.24
20/03/2018,53.29
21/03/2018,51.36
22/03/2018,53.08
23/03/2018,52.06
24/03/2018,54.46
25/03/2018,50.39
26/03/2018,51.88
27/03/2018,47.16
28/03/2018,51.89
29/03/2018,51.11
30/03/2018,49.51
31/03/2018,47.35
01/04/2018,50.2
02/04/2018,48.46
03/04/2018,50.74
04/04/2018,48.61
05/04/2018,49.39
06/04/2018,47.05
07/04/2018,50.63
08/04/2018,50.03
09/04/2018,54.11
10/04/2018,50
11/04/2018,50.99
12/04/2018,53.57
13/04/2018,57.96
14/04/2018,52.9
15/04/2018,50.07
16/04/2018,51.41
17/04/2018,47.58
18/04/2018,49.79
19/04/2018,50.55
20/04/2018,50.38
21/04/2018,49.95
22/04/2018,48.06
23/04/2018,47.13
24/04/2018,51.25
25/04/2018,49.38
26/04/2018,50.17
27/04/2018,56.56
28/04/2018,50.7
29/04/2018,51.36
30/04/2018,52.09
01/05/2018,50.43
02/05/2018,52.03
03/05/2018,53.45
04/05/2018,51.96
05/05/2018,49.77
06/05/2018,49.73
07/05/2018,50.44
08/05/2018,50.77
09/05/2018,50.5
10/05/2018,53.11
11/05/2018,51.85
12/05/2018,51.57
13/05/2018,50.88
14/05/2018,52.01
15/05/2018,52.21
16/05/2018,55.83
17/05/2018,52.78
18/05/2018,54.64
19/05/2018,54.57
20/05/2018,53.72
21/05/2018,54.25
22/05/2018,54.46
23/05/2018,54.81
24/05/2018,56.07
25/05/2018,57.55
26/05/2018,55.11
27/05/2018,47.05
28/05/2018,60.17
29/05/2018,54.04
30/05/2018,58.37
31/05/2018,57.88
01/06/2018,58.48
02/06/2018,56.09
03/06/2018,54.48
04/06/2018,57.24
05/06/2018,54.62
06/06/2018,57.85
07/06/2018,54.9
08/06/2018,55.83
09/06/2018,55.36
10/06/2018,54.39
11/06/2018,53.55
12/06/2018,53.33
13/06/2018,52.24
14/06/2018,47.12
15/06/2018,56.17
16/06/2018,54.37
17/06/2018,51.89
18/06/2018,51.18
19/06/2018,56.21
20/06/2018,51.87
21/06/2018,52.27
22/06/2018,52.51
23/06/2018,51.09
24/06/2018,52.44
25/06/2018,55.12
26/06/2018,55
27/06/2018,53.32
28/06/2018,54.54
29/06/2018,53.88
30/06/2018,51
01/07/2018,52.84
02/07/2018,53.3
03/07/2018,56.42
04/07/2018,59.26
05/07/2018,55.92
06/07/2018,54.88
07/07/2018,55.87
08/07/2018,55.64
09/07/2018,58.39
10/07/2018,55.39
11/07/2018,57.33
12/07/2018,57.8
13/07/2018,57.23
14/07/2018,55.74
15/07/2018,55.77
16/07/2018,60.42
17/07/2018,59.17
18/07/2018,59.4
19/07/2018,58.76
20/07/2018,58.54
21/07/2018,57.74
22/07/2018,56.33
23/07/2018,57.62
24/07/2018,58.69
25/07/2018,58.58
26/07/2018,59.76
27/07/2018,58.98
28/07/2018,52.95
29/07/2018,50.44
30/07/2018,57.36
31/07/2018,56.6
01/08/2018,58.05
02/08/2018,58.12
03/08/2018,59.03
04/08/2018,56.12
05/08/2018,56.82
06/08/2018,58.2
07/08/2018,58.32
08/08/2018,57.78
09/08/2018,58.61
10/08/2018,57.75
11/08/2018,58.69
12/08/2018,59.57
13/08/2018,60.68
14/08/2018,61.03
15/08/2018,58.27
16/08/2018,58.79
17/08/2018,58.39
18/08/2018,57.56
19/08/2018,60.17
20/08/2018,70.67
21/08/2018,64.07
22/08/2018,63.33
23/08/2018,62.92
24/08/2018,61.54
25/08/2018,62.23
26/08/2018,61.05
27/08/2018,55.02
28/08/2018,65.87
29/08/2018,65.74
30/08/2018,68.22
31/08/2018,65.57
01/09/2018,64.59
02/09/2018,61.5
03/09/2018,65.7
04/09/2018,66.75
05/09/2018,67.61
06/09/2018,67.03
07/09/2018,68.1
08/09/2018,69.2
09/09/2018,66.12
10/09/2018,67.69
11/09/2018,64.61
12/09/2018,70.96
13/09/2018,68.93
14/09/2018,67.91
15/09/2018,65.03
16/09/2018,56.57
17/09/2018,63.43
18/09/2018,62.55
19/09/2018,60.83
20/09/2018,63.42
21/09/2018,64.97
22/09/2018,65.64
23/09/2018,71.69
24/09/2018,72.85
25/09/2018,70.75
26/09/2018,66.2
27/09/2018,69.51
28/09/2018,68.01
29/09/2018,67.85
30/09/2018,68.19
01/10/2018,67.61
02/10/2018,60.36
03/10/2018,68.7
04/10/2018,66.45
05/10/2018,66.25
06/10/2018,66.62
07/10/2018,65.73
08/10/2018,63.08
09/10/2018,66.39
10/10/2018,66.26
11/10/2018,63.65
12/10/2018,59.51
13/10/2018,60.3
14/10/2018,67.14
15/10/2018,67.44
16/10/2018,66.51
17/10/2018,66.99
18/10/2018,65.08
19/10/2018,63.86
20/10/2018,63.87
21/10/2018,63.54
22/10/2018,63.16
23/10/2018,58.69
24/10/2018,60.9
25/10/2018,64.05
26/10/2018,62.23
27/10/2018,62.01
28/10/2018,61.61
29/10/2018,65.38
30/10/2018,64.85
31/10/2018,65.43
01/11/2018,63.26
02/11/2018,60.85
03/11/2018,55.16
04/11/2018,56.17
05/11/2018,60.75
06/11/2018,57.17
07/11/2018,59.33
08/11/2018,58.16
09/11/2018,59.04
10/11/2018,60.39
11/11/2018,59.51
12/11/2018,57.93
13/11/2018,60.39
14/11/2018,59.54
15/11/2018,62.94
16/11/2018,64.35
17/11/2018,62.67
18/11/2018,61.99
19/11/2018,63.59
20/11/2018,60.19
21/11/2018,64.58
22/11/2018,78
23/11/2018,71.84
24/11/2018,63.65
25/11/2018,62.67
26/11/2018,78.24
27/11/2018,62.33
28/11/2018,58.97
29/11/2018,58.01
30/11/2018,56.58
01/12/2018,60.44
02/12/2018,60.03
03/12/2018,62.13
04/12/2018,70.5
05/12/2018,62.15
06/12/2018,60.55
07/12/2018,55.8
08/12/2018,50.6
09/12/2018,55.28
10/12/2018,64.23
11/12/2018,61.41
12/12/2018,62.49
13/12/2018,62.17
14/12/2018,65.5
15/12/2018,62.04
16/12/2018,62.75
17/12/2018,66.1
18/12/2018,61.68
19/12/2018,63.67
20/12/2018,64
21/12/2018,65.31
22/12/2018,64.24
23/12/2018,68.17
24/12/2018,67.03
25/12/2018,65.55
26/12/2018,63.76
27/12/2018,68.93
28/12/2018,65.53
29/12/2018,61.78
30/12/2018,60.65
31/12/2018,57.14
01/01/2019,56.5
02/01/2019,61.34
03/01/2019,69.23
04/01/2019,66.38
05/01/2019,62.38
06/01/2019,63.9
07/01/2019,58.99
08/01/2019,58.85
09/01/2019,59.54
10/01/2019,63.84
11/01/2019,59.13
12/01/2019,56.47
13/01/2019,52.2
14/01/2019,60.5
15/01/2019,57.89
16/01/2019,58.71
17/01/2019,60.48
18/01/2019,61.11
19/01/2019,64.86
20/01/2019,61.22
21/01/2019,60.98
22/01/2019,62.77
23/01/2019,68.13
24/01/2019,75.28
25/01/2019,59.04
26/01/2019,54.03
27/01/2019,47.9
28/01/2019,59.03
29/01/2019,59.16
30/01/2019,67.83
31/01/2019,58.5
01/02/2019,57.5
02/02/2019,54.04
03/02/2019,53.26
04/02/2019,52.95
05/02/2019,52.76
06/02/2019,52.63
07/02/2019,51.58
08/02/2019,51.73
09/02/2019,47.52
10/02/2019,55.18
11/02/2019,57.14
12/02/2019,49.54
13/02/2019,49.43
14/02/2019,49.08
15/02/2019,48.58
16/02/2019,49.08
17/02/2019,46.87
18/02/2019,48.04
19/02/2019,49.74
20/02/2019,47.24
21/02/2019,49.46
22/02/2019,48.33
23/02/2019,46
24/02/2019,46.42
25/02/2019,45.97
26/02/2019,48.8
27/02/2019,47.53
28/02/2019,48.61
01/03/2019,49.19
02/03/2019,47.54
03/03/2019,45.22
04/03/2019,47.24
05/03/2019,48.49
06/03/2019,47.36
07/03/2019,46.25
08/03/2019,46.85
09/03/2019,40.96
10/03/2019,46.84
11/03/2019,44.26
12/03/2019,43.94
13/03/2019,44.3
14/03/2019,41.03
15/03/2019,45.83
16/03/2019,44.86
17/03/2019,44.14
18/03/2019,47.18
19/03/2019,44.53
20/03/2019,44.7
21/03/2019,43.94
22/03/2019,42.9
23/03/2019,43.74
24/03/2019,38.76
25/03/2019,42.62
26/03/2019,42.22
27/03/2019,42.04
28/03/2019,42.4
29/03/2019,43.19
30/03/2019,41.26
31/03/2019,39.25
01/04/2019,41.5
02/04/2019,42.23
03/04/2019,40.9
04/04/2019,39.47
05/04/2019,39.79
06/04/2019,45.39
07/04/2019,47.15
08/04/2019,46.91
09/04/2019,46.61
10/04/2019,48.04
11/04/2019,51.49
12/04/2019,46.13
13/04/2019,45.06
14/04/2019,45.03
15/04/2019,44.77
16/04/2019,46.1
17/04/2019,44.1
18/04/2019,42.66
19/04/2019,44.62
20/04/2019,45.3
21/04/2019,42.68
22/04/2019,41.04
23/04/2019,39.7
24/04/2019,37.92
25/04/2019,40.99
26/04/2019,41.06
27/04/2019,39.94
28/04/2019,43.66
29/04/2019,43.53
30/04/2019,42.67
01/05/2019,45.27
02/05/2019,42.09
03/05/2019,43.07
04/05/2019,41.25
05/05/2019,42.3
06/05/2019,42.52
07/05/2019,46.52
08/05/2019,41.86
09/05/2019,43.29
10/05/2019,46.2
11/05/2019,44.91
12/05/2019,44.72
13/05/2019,44.77
14/05/2019,42.59
15/05/2019,39.61
16/05/2019,39.67
17/05/2019,42.23
18/05/2019,40.66
19/05/2019,39.24
20/05/2019,42.32
21/05/2019,41.3
22/05/2019,39.9
23/05/2019,40.52
24/05/2019,38.48
25/05/2019,39.09
26/05/2019,38.94
27/05/2019,35.99
28/05/2019,40.9
29/05/2019,39.56
30/05/2019,36.03
31/05/2019,36.5
01/06/2019,38.04
02/06/2019,31.98
03/06/2019,32.34
04/06/2019,36.39
05/06/2019,37.45
06/06/2019,38
07/06/2019,37.63
08/06/2019,66.85
09/06/2019,40.44
10/06/2019,40.75
11/06/2019,39.81
12/06/2019,39.7
13/06/2019,38.73
14/06/2019,40.17
15/06/2019,38.87
16/06/2019,38.41
17/06/2019,38.06
18/06/2019,40.38
19/06/2019,43.25
20/06/2019,39.91
21/06/2019,38.64
22/06/2019,37.21
23/06/2019,38.05
24/06/2019,48.9
25/06/2019,48.25
26/06/2019,40.33
27/06/2019,37.57
28/06/2019,37.14
29/06/2019,35.26
30/06/2019,32.63
01/07/2019,32.35
02/07/2019,38.86
03/07/2019,40.03
04/07/2019,39.94
05/07/2019,38.73
06/07/2019,37.64
07/07/2019,39.76
08/07/2019,42.37
09/07/2019,40.88
10/07/2019,42.43
11/07/2019,41.93
12/07/2019,43.64
13/07/2019,44.03
14/07/2019,44.42
15/07/2019,48.03
16/07/2019,47.58
17/07/2019,44.03
18/07/2019,41.76
19/07/2019,42.7
20/07/2019,39.56
21/07/2019,37.96
22/07/2019,37.38
23/07/2019,42.1
24/07/2019,42.74
25/07/2019,43.46
26/07/2019,42.14
27/07/2019,38.89
28/07/2019,38.59
29/07/2019,40.6
30/07/2019,39.14
31/07/2019,38.96
01/08/2019,42.12
02/08/2019,41.67
03/08/2019,42.48
04/08/2019,41.78
05/08/2019,40.49
06/08/2019,40.94
07/08/2019,38.06
08/08/2019,38.2
09/08/2019,35.48
10/08/2019,34.19
11/08/2019,34.02
12/08/2019,42.06
13/08/2019,42.05
14/08/2019,42.52
15/08/2019,37.48
16/08/2019,37.8
17/08/2019,27.86
18/08/2019,27.89
19/08/2019,34.5
20/08/2019,37.53
21/08/2019,37.8
22/08/2019,36.8
23/08/2019,39.28
24/08/2019,38.49
25/08/2019,37.82
26/08/2019,39.44
27/08/2019,42.3
28/08/2019,43.41
29/08/2019,38.82
30/08/2019,36.34
31/08/2019,32.87
01/09/2019,34.06
02/09/2019,37.53
03/09/2019,34.36
04/09/2019,30.59
05/09/2019,31.39
06/09/2019,29.59
07/09/2019,33.72
08/09/2019,35.68
09/09/2019,39.5
10/09/2019,38.78
11/09/2019,32.44
12/09/2019,36.01
13/09/2019,39.49
14/09/2019,36.91
15/09/2019,36.09
16/09/2019,44.2
17/09/2019,42.98
18/09/2019,41.72
19/09/2019,41.31
20/09/2019,37.3
21/09/2019,29.02
22/09/2019,34.27
23/09/2019,37.07
24/09/2019,36.98
25/09/2019,39.6
26/09/2019,35.99
27/09/2019,34.75
28/09/2019,32.1
29/09/2019,33.28
30/09/2019,39.35
01/10/2019,36.23
02/10/2019,36.88
03/10/2019,37.61
04/10/2019,37.52
05/10/2019,41.79
06/10/2019,35.2
07/10/2019,38.94
08/10/2019,32.96
09/10/2019,32.7
10/10/2019,31.37
11/10/2019,29.57
12/10/2019,35.18
13/10/2019,35.96
14/10/2019,37.53
15/10/2019,40.56
16/10/2019,40.15
17/10/2019,39.22
18/10/2019,37.87
19/10/2019,36.5
20/10/2019,33
21/10/2019,38.39
22/10/2019,38.11
23/10/2019,37
24/10/2019,36.58
25/10/2019,37.5
26/10/2019,37.18
27/10/2019,31.99
28/10/2019,41.85
29/10/2019,41.78
30/10/2019,38.21
31/10/2019,37.77
01/11/2019,32.81
02/11/2019,34.33
03/11/2019,36.65
04/11/2019,37.8
05/11/2019,39.1
06/11/2019,46.98
07/11/2019,40.8
08/11/2019,44.5
09/11/2019,46.19
10/11/2019,44.92
11/11/2019,41.42
12/11/2019,42.79
13/11/2019,52.54
14/11/2019,44.52
15/11/2019,45.88
16/11/2019,46.93
17/11/2019,43.55
18/11/2019,47.75
19/11/2019,50.12
20/11/2019,45.06
21/11/2019,45.42
22/11/2019,45.85
23/11/2019,45.01
24/11/2019,48
25/11/2019,49.13
26/11/2019,46.74
27/11/2019,47.37
28/11/2019,44.03
29/11/2019,48.82
30/11/2019,48.02
01/12/2019,45.12
02/12/2019,49.01
03/12/2019,49.84
04/12/2019,45.72
05/12/2019,41
06/12/2019,38.16
07/12/2019,38.72
08/12/2019,26.5
09/12/2019,34.81
10/12/2019,40.61
11/12/2019,39.54
12/12/2019,41.92
13/12/2019,39.83
14/12/2019,35.96
15/12/2019,37.25
16/12/2019,43.65
17/12/2019,48.11
18/12/2019,39.49
19/12/2019,34.12
20/12/2019,38
21/12/2019,41.54
22/12/2019,42.53
23/12/2019,36.58
24/12/2019,40.12
25/12/2019,34.42
26/12/2019,35.35
27/12/2019,35.55
28/12/2019,32.39
29/12/2019,32
30/12/2019,35.49
31/12/2019,38.95
01/01/2020,36.62
02/01/2020,33.96
03/01/2020,33.77
04/01/2020,33.53
05/01/2020,34.42
06/01/2020,34.46
07/01/2020,36.35
08/01/2020,35.29
09/01/2020,36.85
10/01/2020,36.12
11/01/2020,32.78
12/01/2020,35.85
13/01/2020,34.54
14/01/2020,32.25
15/01/2020,32.46
16/01/2020,35.65
17/01/2020,35.1
18/01/2020,33.89
19/01/2020,35.63
20/01/2020,38.36
21/01/2020,41.4
22/01/2020,42.79
23/01/2020,43.17
24/01/2020,42.53
25/01/2020,36.05
26/01/2020,34.16
27/01/2020,34.77
28/01/2020,36.18
29/01/2020,33.91
30/01/2020,34.27
31/01/2020,30.28
01/02/2020,24.87
02/02/2020,34.44
03/02/2020,26.73
04/02/2020,29.25
05/02/2020,35.5
06/02/2020,35.32
07/02/2020,32.74
08/02/2020,30.36
09/02/2020,26.44
10/02/2020,26.52
11/02/2020,28.39
12/02/2020,30.58
13/02/2020,32.67
14/02/2020,31.3
15/02/2020,30.2
16/02/2020,21.37
17/02/2020,26.32
18/02/2020,28.38
19/02/2020,30.74
20/02/2020,31.3
21/02/2020,30.61
22/02/2020,29.15
23/02/2020,32.41
24/02/2020,37.14
25/02/2020,33.5
26/02/2020,33.11
27/02/2020,34.55
28/02/2020,34.81
29/02/2020,29.26
01/03/2020,25.49
02/03/2020,34.24
03/03/2020,34.81
04/03/2020,43.87
05/03/2020,43.29
06/03/2020,37.28
07/03/2020,33.53
08/03/2020,25.3
09/03/2020,33.09
10/03/2020,29.76
11/03/2020,32.21
12/03/2020,27.45
13/03/2020,37.58
14/03/2020,33.92
15/03/2020,26.24
16/03/2020,34.73
17/03/2020,31.2
18/03/2020,32.46
19/03/2020,38.83
20/03/2020,31.32
21/03/2020,31.78
22/03/2020,34.04
23/03/2020,32.17
24/03/2020,27.21
25/03/2020,30.9
26/03/2020,30.59
27/03/2020,30.35
28/03/2020,22.44
29/03/2020,18.28
30/03/2020,28.75
31/03/2020,28.7
01/04/2020,28.96
02/04/2020,27.76
03/04/2020,29.74
04/04/2020,27.5
05/04/2020,6.86
06/04/2020,21.76
07/04/2020,29.22
08/04/2020,30.29
09/04/2020,28.17
10/04/2020,28.54
11/04/2020,30.18
12/04/2020,28.24
13/04/2020,15.45
14/04/2020,29.74
15/04/2020,28.08
16/04/2020,26.06
17/04/2020,22.08
18/04/2020,24.88
19/04/2020,20.03
20/04/2020,10.82
21/04/2020,9.69
22/04/2020,16.88
23/04/2020,26.66
24/04/2020,25.67
25/04/2020,25.34
26/04/2020,25.4
27/04/2020,25.14
28/04/2020,25.95
29/04/2020,25.5
30/04/2020,24.72
01/05/2020,24.1
02/05/2020,25.37
03/05/2020,27.97
04/05/2020,26.24
05/05/2020,24.03
06/05/2020,25.39
07/05/2020,25.78
08/05/2020,28.23
09/05/2020,29.4
10/05/2020,11.68
11/05/2020,18.05
12/05/2020,28.4
13/05/2020,26.03
14/05/2020,25.97
15/05/2020,27.25
16/05/2020,24.9
17/05/2020,21.81
18/05/2020,18.75
19/05/2020,25.34
20/05/2020,24.88
21/05/2020,24.3
22/05/2020,11.58
23/05/2020,-10.13
24/05/2020,3.28
25/05/2020,22.5
26/05/2020,27.29
27/05/2020,28.22
28/05/2020,25.26
29/05/2020,23.76
30/05/2020,21.48
31/05/2020,20.08
01/06/2020,24.98
02/06/2020,25.3
03/06/2020,25.76
04/06/2020,26
05/06/2020,20.4
06/06/2020,15.31
07/06/2020,24.85
08/06/2020,28
09/06/2020,29.39
10/06/2020,28.5
11/06/2020,26.25
12/06/2020,25.17
13/06/2020,28.99
14/06/2020,29.15
15/06/2020,30.36
16/06/2020,29.38
17/06/2020,31.18
18/06/2020,28.85
19/06/2020,27.52
20/06/2020,29.8
21/06/2020,19.98
22/06/2020,29.57
23/06/2020,29.09
24/06/2020,30.99
25/06/2020,30.26
26/06/2020,31.47
27/06/2020,27.86
28/06/2020,11.24
29/06/2020,20.92
30/06/2020,28.11
01/07/2020,31.66
02/07/2020,32.54
03/07/2020,31.99
04/07/2020,27.29
05/07/2020,2.66
06/07/2020,22.59
07/07/2020,31.62
08/07/2020,34.22
09/07/2020,33.59
10/07/2020,31.42
11/07/2020,28.57
12/07/2020,26.73
13/07/2020,30.4
14/07/2020,31.07
15/07/2020,32.33
16/07/2020,32.73
17/07/2020,32.07
18/07/2020,28.27
19/07/2020,28.31
20/07/2020,31.33
21/07/2020,30.86
22/07/2020,31.23
23/07/2020,30.37
24/07/2020,30.55
25/07/2020,29.93
26/07/2020,25.17
27/07/2020,30.94
28/07/2020,25.57
29/07/2020,32.5
30/07/2020,32.7
31/07/2020,31.64
01/08/2020,31.02
02/08/2020,27.29
03/08/2020,32.98
04/08/2020,30
05/08/2020,29.39
06/08/2020,34.31
07/08/2020,34.3
08/08/2020,33.25
09/08/2020,31.65
10/08/2020,35.38
11/08/2020,37.34
12/08/2020,39.32
13/08/2020,35.88
14/08/2020,36.06
15/08/2020,34.12
16/08/2020,34.56
17/08/2020,39.65
18/08/2020,38.14
19/08/2020,37.99
20/08/2020,35
21/08/2020,32
22/08/2020,29.58
23/08/2020,35.66
24/08/2020,48.86
25/08/2020,34.86
26/08/2020,37.75
27/08/2020,55.56
28/08/2020,39.09
29/08/2020,35.89
30/08/2020,37.71
31/08/2020,49.99
01/09/2020,45.38
02/09/2020,43.32
03/09/2020,41.02
04/09/2020,39.43
05/09/2020,37.58
06/09/2020,42.03
07/09/2020,42.21
08/09/2020,42.28
09/09/2020,42.02
10/09/2020,45.15
11/09/2020,41.22
12/09/2020,37.67
13/09/2020,32.65
14/09/2020,49.73
15/09/2020,64.86
16/09/2020,49.01
17/09/2020,45.44
18/09/2020,41.17
19/09/2020,37.95
20/09/2020,41.26
21/09/2020,60.15
22/09/2020,43.39
23/09/2020,48.6
24/09/2020,42.29
25/09/2020,43.56
26/09/2020,34.39
27/09/2020,34.75
28/09/2020,43.87
29/09/2020,54.64
30/09/2020,46.38
01/10/2020,56.23
02/10/2020,41.47
03/10/2020,40.81
04/10/2020,34.47
05/10/2020,44.96
06/10/2020,41.2
07/10/2020,39.91
08/10/2020,45.47
09/10/2020,44.18
10/10/2020,41.49
11/10/2020,43.33
12/10/2020,47.01
13/10/2020,45.88
14/10/2020,43.99
15/10/2020,46.73
16/10/2020,56.02
17/10/2020,47.18
18/10/2020,47.95
19/10/2020,45.21
20/10/2020,41.89
21/10/2020,46.14
22/10/2020,43.1
23/10/2020,46.21
24/10/2020,42.04
25/10/2020,31
26/10/2020,41.52
27/10/2020,44.53
28/10/2020,39.49
29/10/2020,39.69
30/10/2020,38.97
31/10/2020,37.5
01/11/2020,29.15
02/11/2020,32.9
03/11/2020,38.78
04/11/2020,47.84
05/11/2020,53.45
06/11/2020,45.77
07/11/2020,43.84
08/11/2020,44.56
09/11/2020,48.84
10/11/2020,47.97
11/11/2020,42.65
12/11/2020,41.14
13/11/2020,41.17
14/11/2020,42.26
15/11/2020,32.36
16/11/2020,33.7
17/11/2020,39.76
18/11/2020,40.27
19/11/2020,38.85
20/11/2020,43.86
21/11/2020,38.47
22/11/2020,40.53
23/11/2020,44.13
24/11/2020,41.53
25/11/2020,47.32
26/11/2020,70.22
27/11/2020,60.33
28/11/2020,48.91
29/11/2020,51.08
30/11/2020,48.74
01/12/2020,51.04
02/12/2020,55.68
03/12/2020,59.6
04/12/2020,49.59
05/12/2020,59.34
06/12/2020,69.96
07/12/2020,66.32
08/12/2020,65.14
09/12/2020,77.88
10/12/2020,59.2
11/12/2020,55.74
12/12/2020,52.28
13/12/2020,49.58
14/12/2020,46.74
15/12/2020,51.81
16/12/2020,51.64
17/12/2020,51.66
18/12/2020,49.33
19/12/2020,42.32
20/12/2020,43.29
21/12/2020,51.95
22/12/2020,62.61
23/12/2020,54.13
24/12/2020,47.66
25/12/2020,55.1
26/12/2020,39.41
27/12/2020,37.38
28/12/2020,58.82
29/12/2020,61.46
30/12/2020,65.74
31/12/2020,61.95
01/01/2021,61.49
02/01/2021,64.32
03/01/2021,58.68
04/01/2021,60.7
05/01/2021,60.88
06/01/2021,145.08
07/01/2021,91.8
08/01/2021,104.06
09/01/2021,66.81
10/01/2021,68.92
11/01/2021,64.53
12/01/2021,112.93
13/01/2021,198.79
14/01/2021,170.03
15/01/2021,154.62
16/01/2021,60.15
17/01/2021,60.01
18/01/2021,60.91
19/01/2021,60.7
20/01/2021,58.32
21/01/2021,57.47
22/01/2021,64.84
23/01/2021,64.82
24/01/2021,75.65
25/01/2021,62.99
26/01/2021,69.2
27/01/2021,68.79
28/01/2021,58.49
29/01/2021,59.17
30/01/2021,62.02
31/01/2021,60.86
01/02/2021,80.56
02/02/2021,57.68
03/02/2021,56.43
04/02/2021,57.07
05/02/2021,57.65
06/02/2021,57.94
07/02/2021,47.07
08/02/2021,53.34
09/02/2021,63.9
10/02/2021,83.03
11/02/2021,69.49
12/02/2021,58.12
13/02/2021,50.57
14/02/2021,48.1
15/02/2021,52.54
16/02/2021,49.9
17/02/2021,47.43
18/02/2021,46.92
19/02/2021,46.84
20/02/2021,44.87
21/02/2021,42.68
22/02/2021,54.82
23/02/2021,44.6
24/02/2021,41.68
25/02/2021,47.5
26/02/2021,53.67
27/02/2021,53.9
28/02/2021,55.33
01/03/2021,60.96
02/03/2021,84.18
03/03/2021,92.2
04/03/2021,56.11
05/03/2021,65.72
06/03/2021,63.71
07/03/2021,60.47
08/03/2021,78.14
09/03/2021,55.92
10/03/2021,52.77
11/03/2021,45.21
12/03/2021,47.19
13/03/2021,51.7
14/03/2021,47.73
15/03/2021,63.74
16/03/2021,58.42
17/03/2021,57.33
18/03/2021,56.18
19/03/2021,66.61
20/03/2021,55.54
21/03/2021,55.49
22/03/2021,58.95
23/03/2021,53.83
24/03/2021,54.58
25/03/2021,56.67
26/03/2021,50.5
27/03/2021,44.36
28/03/2021,24.76
29/03/2021,40.4
30/03/2021,52.08
31/03/2021,55.52
01/04/2021,57.25
02/04/2021,58
03/04/2021,57.77
04/04/2021,54.32
05/04/2021,31.07
06/04/2021,53.92
07/04/2021,63.5
08/04/2021,61.47
09/04/2021,65.42
10/04/2021,63.4
11/04/2021,62.54
12/04/2021,72.94
13/04/2021,104.86
14/04/2021,101.45
15/04/2021,70.89
16/04/2021,71.17
17/04/2021,68.38
18/04/2021,69.78
19/04/2021,70.1
20/04/2021,68.7
21/04/2021,62.15
22/04/2021,66.92
23/04/2021,66.89
24/04/2021,64.84
25/04/2021,61.49
26/04/2021,66.98
27/04/2021,65.85
28/04/2021,64.34
29/04/2021,68.19
30/04/2021,76.23
01/05/2021,70.27
02/05/2021,70.39
03/05/2021,69
04/05/2021,57.27
05/05/2021,75.03
06/05/2021,74.69
07/05/2021,79.74
08/05/2021,68.83
09/05/2021,64.94
10/05/2021,71.46
11/05/2021,73.45
12/05/2021,79.22
13/05/2021,87.12
14/05/2021,83.78
15/05/2021,77.74
16/05/2021,79.91
17/05/2021,81.59
18/05/2021,82.74
19/05/2021,82.88
20/05/2021,69.39
21/05/2021,57.71
22/05/2021,64
23/05/2021,73.92
24/05/2021,76.17
25/05/2021,72.35
26/05/2021,76.5
27/05/2021,83.5
28/05/2021,84.31
29/05/2021,76.62
30/05/2021,70.09
31/05/2021,71.63
01/06/2021,70.85
02/06/2021,72.36
03/06/2021,71.64
04/06/2021,73.46
05/06/2021,71.28
06/06/2021,73.14
07/06/2021,73.41
08/06/2021,70
09/06/2021,71.66
10/06/2021,71.03
11/06/2021,70.62
12/06/2021,75
13/06/2021,75.19
14/06/2021,75.42
15/06/2021,78.63
16/06/2021,81.45
17/06/2021,80.78
18/06/2021,77.64
19/06/2021,78.64
20/06/2021,83.02
21/06/2021,79.95
22/06/2021,81.94
23/06/2021,86.99
24/06/2021,83.68
25/06/2021,81.54
26/06/2021,88.75
27/06/2021,85.48
28/06/2021,88.78
29/06/2021,88.04
30/06/2021,86.79
01/07/2021,89.76
02/07/2021,97.36
03/07/2021,91.87
04/07/2021,89.47
05/07/2021,90.51
06/07/2021,93.05
07/07/2021,93.89
08/07/2021,94.04
09/07/2021,91.51
10/07/2021,95.49
11/07/2021,91.74
12/07/2021,100.71
13/07/2021,91.68
14/07/2021,85.37
15/07/2021,87.36
16/07/2021,83.32
17/07/2021,85.71
18/07/2021,87.45
19/07/2021,92.67
20/07/2021,94.81
21/07/2021,98.47
22/07/2021,99.5
23/07/2021,92.2
24/07/2021,94
25/07/2021,97.14
26/07/2021,107.54
27/07/2021,104.75
28/07/2021,92.36
29/07/2021,86.91
30/07/2021,98.27
31/07/2021,100.13
01/08/2021,100.41
02/08/2021,119.09
03/08/2021,110.19
04/08/2021,104.92
05/08/2021,98.64
06/08/2021,98.22
07/08/2021,96.5
08/08/2021,85.22
09/08/2021,105.38
10/08/2021,108.19
11/08/2021,107.2
12/08/2021,103.36
13/08/2021,100.67
14/08/2021,102.7
15/08/2021,105.11
16/08/2021,91.36
17/08/2021,107.33
18/08/2021,112.77
19/08/2021,129.69
20/08/2021,114.3
21/08/2021,104.98
22/08/2021,106.53
23/08/2021,108.16
24/08/2021,118.5
25/08/2021,110.9
26/08/2021,106.83
27/08/2021,111.28
28/08/2021,109.7
29/08/2021,109.46
30/08/2021,110.31
31/08/2021,113.94
01/09/2021,124.97
02/09/2021,140.99
03/09/2021,162.88
04/09/2021,125.48
05/09/2021,124.95
06/09/2021,219.46
07/09/2021,187.38
08/09/2021,131.21
09/09/2021,277.3
10/09/2021,247.84
11/09/2021,128.32
12/09/2021,161.1
13/09/2021,207.89
14/09/2021,354.1
15/09/2021,424.61
16/09/2021,414.88
17/09/2021,160.26
18/09/2021,157
19/09/2021,156.35
20/09/2021,237.53
21/09/2021,163.11
22/09/2021,160.13
23/09/2021,148.95
24/09/2021,146.7
25/09/2021,154.37
26/09/2021,139.7
27/09/2021,140.11
28/09/2021,151.86
29/09/2021,160.02
30/09/2021,164
01/10/2021,162.28
02/10/2021,182.44
03/10/2021,146.09
04/10/2021,177.37
05/10/2021,181.36
06/10/2021,198.45
07/10/2021,272.5
08/10/2021,210.87
09/10/2021,201.19
10/10/2021,169.9
11/10/2021,185.72
12/10/2021,215.05
13/10/2021,185.79
14/10/2021,181
15/10/2021,298.61
16/10/2021,203.66
17/10/2021,182.93
18/10/2021,187.35
19/10/2021,177.74
20/10/2021,142.13
21/10/2021,139.22
22/10/2021,169.11
23/10/2021,179.87
24/10/2021,149.18
25/10/2021,178.8
26/10/2021,181.04
27/10/2021,151.73
28/10/2021,166.99
29/10/2021,163.87
30/10/2021,131.33
31/10/2021,89.13
01/11/2021,104.51
02/11/2021,248.53
03/11/2021,159.86
04/11/2021,158.13
05/11/2021,166.85
06/11/2021,145.37
07/11/2021,92.3
08/11/2021,161.34
09/11/2021,164.22
10/11/2021,194
11/11/2021,151.98
12/11/2021,144.03
13/11/2021,156.94
14/11/2021,153.21
15/11/2021,307.7
16/11/2021,175
17/11/2021,176.8
18/11/2021,191.97
19/11/2021,187.73
20/11/2021,183.58
21/11/2021,171.68
22/11/2021,200.07
23/11/2021,262.6
24/11/2021,243.23
25/11/2021,206.69
26/11/2021,191.67
27/11/2021,197.44
28/11/2021,191.53
29/11/2021,252.43
30/11/2021,208.97
01/12/2021,203.6
02/12/2021,235.65
03/12/2021,259.19
04/12/2021,196.33
05/12/2021,195.69
06/12/2021,205.53
07/12/2021,197.26
08/12/2021,202.89
09/12/2021,242.13
10/12/2021,216.3
11/12/2021,213.74
12/12/2021,217.08
13/12/2021,231.32
14/12/2021,258.29
15/12/2021,263.37
16/12/2021,411.62
17/12/2021,407.21
18/12/2021,288.53
19/12/2021,279.75
20/12/2021,353.28
21/12/2021,400.16
22/12/2021,347.33
23/12/2021,332.1
24/12/2021,302.94
25/12/2021,184.63
26/12/2021,156.82
27/12/2021,185.11
28/12/2021,178.41
29/12/2021,182.69
30/12/2021,116.2
31/12/2021,120.08
01/01/2022,69.55
02/01/2022,56.25
03/01/2022,67.92
04/01/2022,136.01
05/01/2022,167.03
06/01/2022,197.92
07/01/2022,193.66
08/01/2022,192.36
09/01/2022,165.5
10/01/2022,199.3
11/01/2022,209.63
12/01/2022,192.86
13/01/2022,189.33
14/01/2022,311.53
15/01/2022,196.44
16/01/2022,177.69
17/01/2022,274.38
18/01/2022,197.82
19/01/2022,171.85
20/01/2022,182.02
21/01/2022,176.86
22/01/2022,168.41
23/01/2022,171.53
24/01/2022,284.4
25/01/2022,226.59
26/01/2022,194.43
27/01/2022,185.49
28/01/2022,193.1
29/01/2022,150.59
30/01/2022,193.57
31/01/2022,172.74
01/02/2022,174.52
02/02/2022,174.16
03/02/2022,163.49
04/02/2022,159.03
05/02/2022,158.99
06/02/2022,127.11
07/02/2022,176.84
08/02/2022,158.08
09/02/2022,166.22
10/02/2022,165.82
11/02/2022,170.68
12/02/2022,153.82
13/02/2022,161.63
14/02/2022,166.93
15/02/2022,168.18
16/02/2022,150.99
17/02/2022,119.19
18/02/2022,158.06
19/02/2022,140.43
20/02/2022,115.92
21/02/2022,143.46
22/02/2022,153.16
23/02/2022,160.56
24/02/2022,161.76
25/02/2022,216.04
26/02/2022,202.55
27/02/2022,179.7
28/02/2022,187
01/03/2022,240.39
02/03/2022,220.07
03/03/2022,304.75
04/03/2022,355.11
05/03/2022,318.96
06/03/2022,366.44
07/03/2022,372.92
08/03/2022,396.09
09/03/2022,393.69
10/03/2022,306.93
11/03/2022,241.4
12/03/2022,207.22
13/03/2022,178.32
14/03/2022,237.73
15/03/2022,236.56
16/03/2022,259.14
17/03/2022,218.28
18/03/2022,202
19/03/2022,190
20/03/2022,182.11
21/03/2022,194.58
22/03/2022,197.97
23/03/2022,199.46
24/03/2022,211.89
25/03/2022,231.39
26/03/2022,201.25
27/03/2022,199.52
28/03/2022,206.46
29/03/2022,213.4
30/03/2022,234.52
31/03/2022,242.01
01/04/2022,248.52
02/04/2022,258.94
03/04/2022,227.55
04/04/2022,188.85
05/04/2022,207.68
06/04/2022,179.66